20,0,6.2,0,kworker/0:5-events,0
20,0,6.2,0.1,top,0
20,0,0,0.3,systemd,0
20,0,0,0,kthreadd,0
0,-20,0,0,rcu_gp,0
0,-20,0,0,rcu_par_gp,0
0,-20,0,0,kworker/0:0H-events_+,0
0,-20,0,0,mm_percpu_wq,0
20,0,0,0,rcu_tasks_rude_,0
20,0,0,0,rcu_tasks_trace,0
20,0,0,0,ksoftirqd/0,0
20,0,0,0,rcu_sched,0
rt,0,0,0,migration/0,0
-51,0,0,0,idle_inject/0,0
20,0,0,0,cpuhp/0,0
20,0,0,0,kdevtmpfs,0
0,-20,0,0,netns,0
0,-20,0,0,inet_frag_wq,0
20,0,0,0,kauditd,0
20,0,0,0,khungtaskd,0
20,0,0,0,oom_reaper,0
0,-20,0,0,writeback,0
20,0,0,0,kcompactd0,0
25,5,0,0,ksmd,0
39,19,0,0,khugepaged,0
0,-20,0,0,kintegrityd,0
0,-20,0,0,kblockd,0
0,-20,0,0,blkcg_punt_bio,0
0,-20,0,0,tpm_dev_wq,0
0,-20,0,0,ata_sff,0
0,-20,0,0,md,0
0,-20,0,0,edac-poller,0
0,-20,0,0,devfreq_wq,0
-51,0,0,0,watchdogd,0
0,-20,0,0,kworker/0:1H-kblockd,0
20,0,0,0,kswapd0,0
20,0,0,0,ecryptfs-kthrea,0
0,-20,0,0,kthrotld,0
0,-20,0,0,acpi_thermal_pm,0
20,0,0,0,scsi_eh_0,0
0,-20,0,0,scsi_tmf_0,0
20,0,0,0,scsi_eh_1,0
0,-20,0,0,scsi_tmf_1,0
0,-20,0,0,vfio-irqfd-clea,0
0,-20,0,0,mld,0
0,-20,0,0,ipv6_addrconf,0
20,0,0,0,kworker/0:2-cgroup_d+,0
0,-20,0,0,kstrp,0
0,-20,0,0,zswap-shrink,0
0,-20,0,0,kworker/u3:0,0
0,-20,0,0,charger_manager,0
20,0,0,0,scsi_eh_2,0
0,-20,0,0,scsi_tmf_2,0
20,0,0,0,jbd2/sda5-8,0
0,-20,0,0,ext4-rsv-conver,0
19,-1,0,0.5,systemd-journal,0
0,-20,0,0,ttm_swap,0
20,0,0,0.2,systemd-udevd,0
-51,0,0,0,irq/18-vmwgfx,0
-51,0,0,0,card0-crtc0,0
-51,0,0,0,card0-crtc1,0
-51,0,0,0,card0-crtc2,0
-51,0,0,0,card0-crtc3,0
-51,0,0,0,card0-crtc4,0
-51,0,0,0,card0-crtc5,0
-51,0,0,0,card0-crtc6,0
-51,0,0,0,card0-crtc7,0
0,-20,0,0,loop0,0
0,-20,0,0,loop1,0
0,-20,0,0,loop2,0
0,-20,0,0,loop3,0
0,-20,0,0,loop4,0
0,-20,0,0,loop5,0
0,-20,0,0,loop6,0
0,-20,0,0,loop7,0
0,-20,0,0,loop8,0
0,-20,0,0,loop9,0
0,-20,0,0,loop10,0
0,-20,0,0,loop11,0
0,-20,0,0,loop12,0
0,-20,0,0,loop13,0
0,-20,0,0,cryptd,0
20,0,0,0.3,systemd-resolve,0
20,0,0,0.1,systemd-timesyn,0
20,0,0,0.2,accounts-daemon,0
20,0,0,0,acpid,0
20,0,0,0.1,avahi-daemon,0
20,0,0,0.1,cron,0
20,0,0,0.2,cupsd,0
20,0,0,0.1,dbus-daemon,0
20,0,0,0.5,NetworkManager,0
20,0,0,0.5,networkd-dispat,0
20,0,0,0.3,polkitd,0
19,-1,0,0.5,systemd-journal,0
20,0,0,0.1,rsyslogd,0
20,0,0,0.9,snapd,0
20,0,6.2,0.1,top,0
20,0,6.2,0.1,top,0
39,19,12.5,0.9,tracker-extract,0
20,0,6.2,0.7,tracker-store,0
20,0,6.2,0.1,top,0
20,0,6.7,0.1,top,0
20,0,0,0.1,dbus-daemon,0
20,0,93.8,0.7,python3,1
20,0,6.2,0,ksoftirqd/0,0
20,0,88.2,2.5,python3,1
20,0,0,0,ksoftirqd/0,0
20,0,6.2,0.1,sshd,0
20,0,13.3,0.1,sshd,0
20,0,6.7,0.1,top,0
20,0,0,0.1,avahi-daemon,0
20,0,12.5,0.1,sshd,0
20,0,6.2,3.2,python3,0
20,0,6.2,0.1,top,0
20,0,0,0,ksoftirqd/0,0
20,0,6.2,0.2,sshd,0
20,0,6.2,3.2,python3,0
20,0,6.2,0.2,sshd,0
20,0,6.2,3.2,python3,0
20,0,6.2,0.1,top,0
20,0,93.8,7.6,python3,1
20,0,6.7,0.2,sshd,0
20,0,6.7,0.1,top,0
20,0,12.5,0.2,sshd,0
20,0,6.2,0,rcu_sched,0
20,0,6.2,0.7,tracker-store,0
20,0,6.2,5.5,python3,0
20,0,5.9,0.2,sshd,0
20,0,0,0,ksoftirqd/0,0
20,0,0,0,rcu_sched,0
20,0,6.2,5.5,python3,0
20,0,12.5,0.2,sshd,0
20,0,6.2,5.5,python3,0
20,0,12.5,0.2,sshd,0
20,0,6.2,5.5,python3,0
39,19,6.2,0.6,tracker-miner-f,0
20,0,6.2,0.1,top,0
20,0,13.3,0.7,tracker-store,0
39,19,13.3,0.9,tracker-extract,0
20,0,6.7,0.1,dbus-daemon,0
20,0,6.7,1.6,python3,0
19,-1,0,0.5,systemd-journal,0
20,0,6.7,0.1,top,0
